{
  "timestamp": "2025-07-20T19:07:11.507087",
  "agent_profiles": {},
  "pipeline_profile": {
    "pipeline": "end_to_end",
    "runs": 5,
    "errors": 0,
    "min_latency": 0.000200001522898674,
    "max_latency": 0.000800006091594696,
    "avg_latency": 0.0005000008968636394,
    "median_latency": 0.000500003807246685,
    "success_rate": 100.0
  },
  "bottlenecks": [],
  "summary": {
    "total_agents": 0,
    "total_methods": 0,
    "bottlenecks_found": 0,
    "pipeline_avg_latency": 0.0005000008968636394
  }
}